"name","email"
null,"ayumishiozawa@example.co.jp"
"波田野 菜月","natsukihatano@example.org"
"松田 大樹","matsuda1114@example.com"
"佐藤 理紗","sato_619@example.net"
"内田 亮","ryouuchida@example.ne.jp"
"鈴木 めぐみ","suzuki_83@example.net"
"江口 駿","eguchi114@example.co.jp"
"村上 英紀","murakami917@example.com"
"菊池 武史","kikuchi_takefumi@example.co.jp"
"金 孝徳","kimu84@example.jp"
"坪井 和英","tsuboikazuhide@example.com"
"武智 朋子","tomokotakechi@example.com"
"鈴田 雅也","suzuta_78@example.com"
"渋谷 仁","shibuyahitoshi@example.ne.jp"
"潮田 健太郎","ushiodakentarou@example.ne.jp"
"川名 美保子","kawanamihoko@example.ne.jp"
"渡嘉敷 朋子","tokashiki1010@example.org"
"宮崎 弥生","miyazaki_110@example.jp"
"岡澤 達朗","okazawa_528@example.org"
"菊池 雅美","masami_kikuchi@example.co.jp"
"中西 圭子","keiko_nakanishi@example.co.jp"
"小野 俊哉","ono_toshiya@example.co.jp"
"永吉 渉","nagayoshi_116@example.ne.jp"
"本間 大介","daisuke_homma@example.com"
"岩沢 雅広","masahiro_iwasawa@example.org"
"中山 賢一","nakayama513@example.org"
"伊藤 智也","ito_tomoya@example.jp"
"北川 惠子","kitagawa_817@example.com"
"石澤 美帆","ishizawa_625@example.co.jp"
"中村 隆久","nakamura58@example.net"
"森田 敬之","morita_52@example.jp"
"蔦谷 英志","tsutaya_101@example.com"
"二宮 寿一","ninomiyatoshikazu@example.com"
"谷川 英之","tanigawa716@example.jp"
"齊藤 俊輔","saito_531@example.jp"
"小林 由衣","kobayashi_yui@example.org"
"橋本 智","hashimoto_tomo@example.net"
"岩崎 絢子","iwasaki215@example.net"
"稲村 夢子","inamurayumeko@example.co.jp"
"関口 圭子","sekiguchikeiko@example.co.jp"
"原田 類","ruiharada@example.co.jp"
"小川 健一","ogawa324@example.co.jp"
"谷田 明仁","akihito_tanida@example.net"
"山本 貴彦","yamamototakahiko@example.ne.jp"
"高橋 愛美","takahashi_1026@example.net"
"伊藤 慎一","shinichi_ito@example.ne.jp"
"宮野 良介","miyanoryousuke@example.co.jp"
"岡本 良","ryouokamoto@example.ne.jp"
"加藤 桐子","kiriko_kato@example.co.jp"
"湯澤 健佑","kensuke_yuzawa@example.ne.jp"
"星野 壮平","sohei_hoshino@example.ne.jp"
"大久保 浩","hiroshiokubo@example.jp"
"樋口 千春","chiharu_higuchi@example.ne.jp"
"塚田 隆治","tsukada_ryuuji@example.co.jp"
"兼松 亜弥","ayakanematsu@example.co.jp"
"西浦 博","nishiura_618@example.com"
"鈴木 雅和","suzuki_1017@example.jp"
"加藤 美由紀","kato_miyuki@example.com"
"徳永 憲和","tokunaga_norikazu@example.ne.jp"
"渡邉 義広","watanabe44@example.jp"
"市川 風太","fuutaichikawa@example.com"
"中野 麻衣","nakano_mai@example.ne.jp"
"池田 理恵","ikedarie@example.net"
"遠矢 正和","masakazutooya@example.co.jp"
"増田 幸治","masuda_42@example.co.jp"
"橋本 達治","hashimototatsuji@example.jp"
"前田 晋","susumu_maeda@example.ne.jp"
"徳山 克典","tokuyamakatsunori@example.jp"
"長澤 章一","shouichi_nagasawa@example.co.jp"
"菊池 文弘","kikuchi_829@example.com"
"山下 剛","tsuyoshi_yamashita@example.jp"
"杉浦 武","sugiura_614@example.net"
"藤村 香織","fujimurakaori@example.org"
"高木 弘二","takagi_1115@example.ne.jp"
"和田 美紀子","mikikowada@example.co.jp"
"田近 花恵","tajika53@example.co.jp"
"櫻井 ゆかり","yukarisakurai@example.co.jp"
"藤田 晴彦","fujita_haruhiko@example.co.jp"
"柳澤 千春","yanagisawa_59@example.org"
"田中 由美子","yumiko_tanaka@example.com"
"山田 靖","yasushiyamada@example.net"
"齊藤 義昭","yoshiaki_saito@example.ne.jp"
"佐々木 航平","sasaki88@example.net"
"石井 真梨","ishiimari@example.org"
"野間 たかお","noma_takao@example.jp"
"内藤 佳代子","naito_kayoko@example.co.jp"
"日比野 義則","yoshinorihibino@example.net"
"吉田 直也","naoya_yoshida@example.com"
"北村 潤","jiyun_kitamura@example.org"
"吉永 友則","yoshinaga1112@example.org"
"山崎 尚樹","yamazakinaoki@example.jp"
"西本 新","nishimoto_1130@example.net"
"橘内 洋子","kitsunai_youko@example.jp"
"安宅 信介","shinsukeataka@example.ne.jp"
"荒井 亮","arai1214@example.com"
"奥谷 龍介","ryousuke_okutani@example.ne.jp"
"新川 晃一","shinkawa911@example.jp"
"多田 伸吾","tada_227@example.net"
"江藤 敏之","toshiyukieto@example.org"
"武政 裕子","takemasa_1023@example.jp"
"宍戸 初恵","shishido_1226@example.com"
"齊藤 文子","saitoayako@example.ne.jp"
"砥上 けんじ","togami_kenji@example.org"
"波多野 徹","tooru_hatano@example.ne.jp"
"清水 努","shimizu_tsutomu@example.net"
"牧瀬 誠之","makise_719@example.co.jp"
"又吉 尚平","matayoshishouhei@example.org"
"都築 優子","tsuzuki1013@example.co.jp"
"鶴田 愛","ai_tsuruta@example.org"
"山下 健","ken_yamashita@example.jp"
"宮武 直樹","naoki_miyatake@example.ne.jp"
"笠松 由佳","kasamatsu_yuka@example.co.jp"
"加藤 希","kato_nozomi@example.com"
"内藤 正一郎","naito94@example.jp"
"福田 美知子","michiko_fukuda@example.com"
"大園 隆","takashiozono@example.ne.jp"
"佐藤 直也","satonaoya@example.ne.jp"
"村田 寛人","murata819@example.ne.jp"
"朝日 直子","asahi_913@example.jp"
"長江 英和","nagae214@example.org"
"浦島 幸一","koichi_urashima@example.org"
"西尾 慎二","nishioshinji@example.jp"
"中村 有香子","nakamura_yukako@example.org"
"関澤 良浩","sekizawa818@example.org"
"平塚 直人","hiratsuka_219@example.com"
"高田 誠","takadamakoto@example.net"
"野津 裕","notsuhiroshi@example.jp"
"吉岡 宏幸","yoshioka_36@example.jp"
"内田 祥一","uchida_13@example.org"
"古川 大雅","furukawataiga@example.net"
"渡邉 歩","ayumiwatanabe@example.jp"
"渋谷 正史","shibuyamasashi@example.ne.jp"
"鄭 あい","tei_ai@example.net"
"臼井 麻里絵","marie_usui@example.net"
"永井 久美子","nagaikumiko@example.com"
"松本 紀子","matsumoto_1120@example.jp"
"前田 麻里恵","maeda1115@example.jp"
"村田 理恵","murata1130@example.ne.jp"
"吉田 裕也","yoshida_yuuya@example.com"
"内藤 隆司","naito826@example.net"
"早川 耕太郎","hayakawa_1119@example.org"
"北中 尚志","kitanaka_228@example.org"
"大塚 美鈴","otsuka_621@example.jp"
"関根 努","tsutomu_sekine@example.org"
"中村 悠","nakamura_628@example.com"
"中西 潤一","nakanishijunichi@example.net"
"千葉 秀明","hideaki_chiba@example.ne.jp"
"福田 健","fukuda31@example.net"
"伊藤 泰彦","yasuhiko_ito@example.ne.jp"
"谷川 誠人","tanigawa829@example.org"
"山口 まゆみ","mayumi_yamaguchi@example.net"
"加賀 光子","kaga621@example.co.jp"
"本田 良紀","honda424@example.com"
"芳賀 康嗣","haga_koji@example.org"
"山崎 梓","yamazaki125@example.net"
"片瀬 洋一","katase1230@example.jp"
"林 誠二","hayashi_714@example.co.jp"
"橋本 ひかり","hashimotohikari@example.jp"
"上田 薫","kaoruueda@example.co.jp"
"澤田 かおり","sawada_kaori@example.co.jp"
"芦田 久人","ashida725@example.co.jp"
"吉田 聡","yoshidaakira@example.com"
"生沼 和子","oinuma910@example.ne.jp"
"吉野 昌志","masashiyoshino@example.net"
"田口 将","taguchi_424@example.com"
"石田 貴之","ishida_takayuki@example.org"
"梅野 勇一","umenoyuuichi@example.com"
"黒岩 圭子","keiko_kuroiwa@example.ne.jp"
"野本 結美","nomoto_yumi@example.org"
"藤澤 結花","yukafujisawa@example.net"
"飯沢 竜也","iizawa423@example.net"
"松田 純平","matsuda_912@example.org"
"仁科 彩子","nishina_711@example.net"
"久保 一平","kubo_1113@example.org"
"濱田 岳史","takafumi_hamada@example.org"
"北村 修","osamu_kitamura@example.ne.jp"
"野村 義人","nomurayoshito@example.net"
"今井 秀行","hideyuki_imai@example.com"
"秋庭 ゆか","akiba73@example.co.jp"
"吉倉 悠","yoshikura_hisashi@example.co.jp"
"宮崎 こずえ","miyazaki_425@example.net"
"菅原 潤一","junichisugawara@example.com"
"松倉 秀昭","hideaki_matsukura@example.co.jp"
"渡邉 太郎","watanabe823@example.org"
"柴田 拓哉","takuya_shibata@example.jp"
"藤原 尚美","fujiwara_1212@example.org"
"奥田 勝也","katsuyaokuda@example.co.jp"
"大島 沙織","oshima_saori@example.jp"
"右近 琢磨","ukon_takuma@example.com"
"松田 真美","matsudamami@example.net"
"岡本 大介","okamoto_1012@example.ne.jp"
"山口 祥子","shouko_yamaguchi@example.com"
"黒木 祐介","kuroki920@example.com"
"横田 順子","junko_yokota@example.jp"
"桑原 勝幸","kuwabarakatsuyuki@example.ne.jp"
"杉田 元子","sugitamotoko@example.net"
"清水 繁幸","shimizushigeyuki@example.jp"
"下村 泰弘","taiko_shimomura@example.org"
"浜岡 達弥","hamaokatatsuya@example.jp"
"足立 希","adachi_nozomi@example.ne.jp"
"森川 みゆき","morikawa926@example.com"
"鈴木 奈央","suzuki_72@example.ne.jp"
"中村 英伸","hidenobunakamura@example.org"
"越後 昌吾","echigo920@example.ne.jp"
"吉田 麻衣","yoshida_mai@example.jp"
"松浦 亜沙美","matsuura57@example.net"
"中村 克美","katsuminakamura@example.co.jp"
"景山 貴洋","kageyamatakahiro@example.net"
"中嶋 誠","makotonakajima@example.org"
"武内 愛子","takeuchi_aiko@example.ne.jp"
"酒井 康弘","sakai430@example.ne.jp"
"村上 邦康","murakami1222@example.ne.jp"
"野口 敏行","noguchi_toshiyuki@example.jp"
"山本 篤子","yamamotoatsuko@example.net"
"河北 裕士","kawakitayuuji@example.com"
"赤井 誠","akai36@example.com"
"平井 龍太","hirai_ryouta@example.net"
"市川 誠治","ichikawa124@example.jp"
"高橋 卓哉","takahashi_36@example.ne.jp"
"石川 恵","megumi_ishikawa@example.ne.jp"
"落合 真優美","ochiaimayumi@example.jp"
"吉崎 千夏子","chikakoyoshizaki@example.org"
"美馬 由美子","mima_yumiko@example.org"
"木全 幸三","kozou_kimata@example.org"
"若松 五郎","wakamatsu_101@example.ne.jp"
"伊藤 加奈","ito_823@example.net"
"阿部 翔平","abe_shouhei@example.net"
"尾形 達也","ogata_91@example.jp"
"須貝 力也","rikiyasugai@example.ne.jp"
"植田 あさこ","asakoueda@example.org"
"室岡 勝","murookamasaru@example.com"
"高橋 大樹","taiki_takahashi@example.org"
"佐藤 好彦","sato112@example.co.jp"
"笠原 浩一郎","kasahara1025@example.com"
"笹川 陽一","youichi_sasagawa@example.ne.jp"
"川口 桃子","momokokawaguchi@example.ne.jp"
"寺崎 寛之","terasaki_924@example.org"
"古屋 美奈子","minako_furuya@example.co.jp"
"吉田 浩史","yoshida824@example.com"
"大林 聖史","obayashikiyoshi@example.ne.jp"
"池田 明日香","asukaikeda@example.co.jp"
"中尾 吉男","nakao1129@example.org"
"水谷 慎太郎","shintaroumizutani@example.co.jp"
"藤原 直也","naoyafujiwara@example.org"
"大森 功","isao_omori@example.com"
"甲斐 正昭","kai1224@example.org"
"真崎 雅子","masaki_626@example.org"
"小林 慎太郎","kobayashi_221@example.jp"
"大堀 浩人","ohori_hiroto@example.com"
"川上 博昭","kawakami112@example.co.jp"
"松江 健一","kenichi_matsue@example.ne.jp"
"美馬 安彦","mima1217@example.ne.jp"
"横澤 奈緒子","yokozawa_naoko@example.net"
"野村 舞","nomuramai@example.jp"
"平 政之","taira1021@example.co.jp"
"田村 邦彦","kunihikotamura@example.com"
"中山 卓哉","nakayama_89@example.jp"
"田中 大基","tanakadaiki@example.jp"
"西村 亜紀子","akikonishimura@example.net"
"山口 裕樹","yamaguchi_yuuki@example.jp"
"橋田 秀隆","hashidahidetaka@example.org"
"後藤 浩太朗","goto_718@example.co.jp"
"塚原 孝文","tsukaharatakafumi@example.co.jp"
"内田 良二","uchidaryouji@example.com"
"小林 武治","kobayashi_224@example.com"
"玉山 結美","yumitamayama@example.com"
"金子 宏美","kanekohiromi@example.ne.jp"
"森 由起子","yukiko_mori@example.org"
"石井 周平","shuuheiishii@example.jp"
"佐藤 直人","sato1028@example.ne.jp"
"小嶋 陽介","yousukekojima@example.org"
"八尋 貴代美","yahiro_kiyomi@example.net"
"堀越 剛","horikoshi_tsuyoshi@example.org"
"白川 寛子","hirokoshirakawa@example.co.jp"
"松井 拓人","matsui_takuto@example.jp"
"岩崎 昌子","iwasakimasako@example.net"
"阿部 祐之","masayukiabe@example.org"
"吉村 由樹","yoshimurayoshiki@example.ne.jp"
"鈴置 龍二","suzuokiryuuji@example.co.jp"
"菅井 友希","sugai_516@example.co.jp"
"小山田 早紀","sakioyamada@example.com"
"白石 晴美","shiraishi520@example.net"
"中澤 泰斗","nakazawayasuto@example.net"
"白井 友紀","shirai125@example.com"
"今村 大輔","daisukeimamura@example.com"
"池田 慎太郎","shintarouikeda@example.com"
"川上 靖則","kawakamiyasunori@example.com"
"飯塚 光太郎","mitsutarou_iizuka@example.com"
"武山 輝明","teruaki_takeyama@example.org"
"中西 夏子","nakanishi728@example.net"
"山田 千鶴","chizuruyamada@example.co.jp"
"小笠原 晶子","shoukoogasawara@example.ne.jp"
"當銘 一夫","kazuo_tome@example.org"
"内山 京子","kyouko_uchiyama@example.co.jp"
"青山 孝幸","takayukiaoyama@example.net"
"原田 良典","yoshinoriharada@example.org"
"高野 智哉","takanotomoya@example.ne.jp"
"小島 貴子","kojima_913@example.co.jp"
"広川 愛","hirokawa21@example.ne.jp"
"鳥飼 雅義","masayoshi_torikai@example.co.jp"
"森野 千尋","morinochihiro@example.co.jp"
"萩元 大樹","hagimototaiki@example.co.jp"
"石丸 秀一郎","ishimaru_718@example.jp"
"和泉 彩乃","izumi_23@example.org"
"渡辺 由美","yumiwatanabe@example.jp"
"高橋 容子","takahashi_612@example.ne.jp"
"高田 ゆか","takadayuka@example.org"
"小嶋 誠","makoto_kojima@example.jp"
"柏 将人","kashiwa_masato@example.ne.jp"
"宇田 幸美","uda424@example.ne.jp"
"小林 晋","susumukobayashi@example.net"
"守屋 俊則","moriya_520@example.jp"
"佐々木 満","sasaki_813@example.net"
"林 百合子","hayashi429@example.ne.jp"
"相原 美咲","aiharamisaki@example.net"
"西本 太朗","nishimoto_728@example.jp"
"谷 武","takeru_tani@example.org"
"岡部 友樹","yuuki_okabe@example.com"
"高橋 俊之","toshiyukitakahashi@example.net"
"谷合 由香里","taniaiyukari@example.ne.jp"
"高橋 明彦","akihikotakahashi@example.org"
"長谷川 淳","hasegawa131@example.co.jp"
"長崎 浩太","nagasakikota@example.co.jp"
"南 弥生","yayoiminami@example.co.jp"
"一ノ瀬 遼一","ichinose_ryouichi@example.co.jp"
"濱 宏二","kojihama@example.net"
"藤井 まさえ","masae_fujii@example.jp"
"木下 真也","kinoshita_shinya@example.ne.jp"
"土岐 佑美","toki210@example.net"
"山本 正弘","yamamoto428@example.net"
"田渕 理紗","tabuchi35@example.ne.jp"
"藤井 剛","fujii93@example.com"
"山田 良信","yamada_yoshinobu@example.org"
"太田 ひとみ","otahitomi@example.ne.jp"
"岩岡 雅之","masayukiiwaoka@example.net"
"日向 裕隆","hinatahirotaka@example.org"
"今田 理沙","risa_imada@example.net"
"磯貝 浩子","isogai227@example.co.jp"
"桑本 祐樹","yuukikuwamoto@example.com"
"秋田 広貴","akita_111@example.jp"
"福村 章子","fukumuraakiko@example.net"
"森 理恵","mori_rie@example.com"
"佐川 真実","sagawa718@example.com"
"中井 直樹","nakainaoki@example.org"
"松本 剛","matsumoto_725@example.org"
"植木 美佳","mika_ueki@example.jp"
"鈴木 悠子","suzuki611@example.net"
"小森 英史","komori_916@example.com"
"浅井 綾","asaiaya@example.org"
"牧野 智彦","makino1012@example.org"
"本村 隆行","motomuratakayuki@example.net"
"山内 智美","tomomiyamauchi@example.jp"
"櫻井 真司","shinji_sakurai@example.jp"
"富田 拓哉","tomita_331@example.ne.jp"
"田渕 鉄也","tabuchi_78@example.ne.jp"
"加藤 友行","tomoyuki_kato@example.jp"
"伊藤 利幸","ito_320@example.com"
"小林 航","kobayashiwataru@example.org"
"上田 直樹","ueda_415@example.org"
"薮下 亮輔","yabushita_ryousuke@example.ne.jp"
"斉田 幹夫","mikio_saida@example.ne.jp"
"田中 江利子","tanaka_eriko@example.co.jp"
"藤川 晴子","fujikawa_1118@example.co.jp"
"田中 朝子","tanakatomoko@example.com"
"浅井 愛梨","asai_99@example.org"
"向田 昌史","mukaida_18@example.org"
"大塚 健太","otsuka_kenta@example.net"
"高田 直美","takada_naomi@example.ne.jp"
"石原 剛司","takeshi_ishihara@example.com"
"岡田 剛","okada_417@example.net"
"鶴見 浩章","hiroakitsurumi@example.com"
"小島 嘉孝","kojima_yoshitaka@example.com"
"菅野 敏行","toshiyuki_kanno@example.net"
"竹内 恵美","takeuchi_427@example.ne.jp"
"外山 哲也","toyamatetsuya@example.net"
"倉沢 塁","kurasawa920@example.net"
"西谷 春","nishitani_haru@example.com"
"高木 達也","takagi929@example.org"
"橋本 隆之","takayukihashimoto@example.ne.jp"
"井野 恵","megumiino@example.jp"
"岡田 理恵子","okada1229@example.co.jp"
"福冨 道生","michio_fukutomi@example.jp"
"牧野 忍","makino_shinobu@example.com"
"中沢 知広","nakazawa_816@example.com"
"岩崎 義之","iwasaki512@example.ne.jp"
"久保 琢磨","kubo_228@example.net"
"足立 昭子","akiko_adachi@example.net"
"石河 隆","takashi_ishikawa@example.org"
"井上 ひとみ","hitomiinoue@example.net"
"岸本 美穂","kishimoto_918@example.co.jp"
"小澤 智弘","toshihiroozawa@example.net"
"柴田 智一","shibata_531@example.com"
"竹岡 豊","yutakatakeoka@example.jp"
"岸田 裕一","kishida71@example.co.jp"
"中澤 拓朗","takurou_nakazawa@example.net"
"横川 智代","yokokawatomoyo@example.com"
"山内 真二","shinjiyamauchi@example.ne.jp"
"樋口 景子","higuchikeiko@example.com"
"松本 美佳","matsumoto_mika@example.org"
"田中 洋","hiroshitanaka@example.jp"
"西村 直也","naoyanishimura@example.co.jp"
"妹尾 健太","kentasenoo@example.co.jp"
"窪田 周司","kubotashuuji@example.ne.jp"
"宮田 知広","tomohiro_miyata@example.co.jp"
"神崎 隆史","kanzaki_takashi@example.net"
"西村 智之","tomoyukinishimura@example.jp"
"中谷 正貴","nakatanimasataka@example.org"
"楠本 靖史","kusumoto_yasufumi@example.net"
"星野 恭子","hoshino_kyouko@example.org"
"石崎 円","ishizaki_110@example.jp"
"白石 由衣子","yuikoshiraishi@example.org"
"大友 慈子","otomo_chikako@example.net"
"磯部 邦夫","kunioisobe@example.co.jp"
"井上 由起子","inoue_61@example.co.jp"
"小坂 一弘","kosakakazuhiro@example.com"
"深野 裕司","fukano_yuuji@example.co.jp"
"中川 大二","nakagawadaiji@example.net"
"中森 孝太郎","nakamorikotarou@example.net"
"丸山 恵子","maruyama_keiko@example.org"
"大森 久人","omori_629@example.net"
"丸尾 淳夫","maruo_atsuo@example.org"
"石橋 早苗","ishibashi615@example.co.jp"
"村山 英士","murayama922@example.ne.jp"
"飯島 梨紗","iijima_217@example.co.jp"
"二村 洋一","youichi_futamura@example.net"
"粂 貴紀","kume122@example.co.jp"
"有賀 信二","arigashinji@example.com"
"有川 幸代","yukiyoarikawa@example.com"
"森 拓海","takumimori@example.co.jp"
"笹森 徹","sasamoritooru@example.co.jp"
"玉腰 弘幸","tamakoshi_55@example.com"
"有田 幸治","kojiarita@example.co.jp"
"落合 牧子","ochiaimakiko@example.net"
"細川 裕","hosokawa_112@example.jp"
"本田 泰宏","yasuhiro_honda@example.co.jp"
"西川 藍","nishikawa_ai@example.org"
"横山 巌","yokoyama_47@example.net"
"織田 千尋","chihiro_oda@example.jp"
"萬田 賢","mandaken@example.co.jp"
"青木 結花","aokiyuka@example.co.jp"
"久保 夏実","kubo_323@example.co.jp"
"臼井 雅美","masamiusui@example.org"
"城戸 瑛子","eikokido@example.com"
"小浦 勇二","kora_yuuji@example.co.jp"
"高田 雅樹","takada_1230@example.ne.jp"
"時枝 裕美","tokieda915@example.jp"
"平間 克己","katsumihirama@example.net"
"吉田 紀子","noriko_yoshida@example.net"
"田中 崇之","tanaka911@example.org"
"林 裕次","yuuji_hayashi@example.org"
"渡邊 篤史","watanabe_atsushi@example.com"
"森 穣","mori_54@example.co.jp"
"高橋 優樹","yuuki_takahashi@example.com"
"木田 ミユキ","miyuki_kida@example.org"
"中西 由紀子","nakanishi_116@example.co.jp"
"足立 完治","adachikanji@example.com"
"中村 和彦","nakamura21@example.com"
"柴田 友理","yurishibata@example.org"
"木田 和樹","kidakazuki@example.net"
"鈴木 直樹","suzuki_naoki@example.co.jp"
"金沢 恵里奈","kanazawa1116@example.ne.jp"
"谷口 陽子","taniguchiyouko@example.net"
"長山 滋","nagayama713@example.co.jp"
"中塚 響子","kyoukonakatsuka@example.net"
"榎田 泉","enokida108@example.jp"
"内田 真","uchida_makoto@example.co.jp"
"遠藤 誠一","endou420@example.jp"
"奥山 晋一郎","shinichirouokuyama@example.co.jp"
"森山 晋輔","moriyama_shinsuke@example.com"
"斎藤 亜希子","akikosaito@example.net"
"福井 秀明","fukui_hideaki@example.org"
"井上 憲昭","noriakiinoue@example.org"
"南 敏克","minamitoshikatsu@example.net"
"鈴木 正則","suzuki_110@example.net"
"本田 龍","ryuu_honda@example.co.jp"
"服部 アンナ","annahattori@example.com"
"藤川 恭介","fujikawa_kyousuke@example.net"
"小林 陽子","kobayashi_320@example.net"
"中野 綾子","nakano1127@example.co.jp"
"西野 孝","nishino_takashi@example.jp"
"杉本 中","sugimoto_41@example.co.jp"
"平田 翔吾","hiratashougo@example.jp"
"佐山 直子","sayamanaoko@example.com"
"竹内 暁子","takeuchi_1123@example.net"
"金 滋之","kimu_44@example.net"
"手塚 陽子","youkotezuka@example.ne.jp"
"杉山 寛子","sugiyama_hiroko@example.com"
"中田 洋之","hiroyukinakata@example.net"
"多田 貴行","takayuki_tada@example.net"
"田中 徳和","tanaka22@example.org"
"菅井 辰也","tatsuya_sugai@example.ne.jp"
"星 岳","hoshi_takeshi@example.org"
"青野 哲也","aono618@example.jp"
"南 直人","naotominami@example.com"
"丸木 英樹","maruki_519@example.org"
"村井 和美","muraikazumi@example.ne.jp"
"伊藤 純子","ito_121@example.jp"
"青山 洋平","aoyama_225@example.net"
"志賀 未来","shigamiki@example.ne.jp"
"片山 慶一","keiichi_katayama@example.jp"
